PRODUCTO ;PRECIO ;FOTO;CATEGORIA
AG. AMARILLO 750ml;70000;https://mercasur.com.co/rails/active_storage/representations/proxy/eyJfcmFpbHMiOnsiZGF0YSI6MTc4MTYxNCwicHVyIjoiYmxvYl9pZCJ9fQ==--8b9c91a068a807d1d1dbe8feb053624f83b6c9d9/eyJfcmFpbHMiOnsiZGF0YSI6eyJmb3JtYXQiOiJwbmciLCJyZXNpemVfdG9fZml0IjpbODAwLDgwMF19LCJwdXIiOiJ2YXJpYXRpb24ifX0=--cef66509c9cdc75663c0eefd9421db1d2ea4fead/7702168278477?locale=es;AGUARDIENTE
AG. AMARILLO 375 ml;38000;;AGUARDIENTE
AG. MIL DEMONIOS 700ML;160000;;AGUARDIENTE
AG. MIL DEMONIOS 50ML;26000;;AGUARDIENTE
AG. ANTIOQUE�O REAL 750 ML;110000;;AGUARDIENTE
AG. ANTIOQUE�O AMARILLO REAL 750 ML;65000;;AGUARDIENTE
AG. ANTIOQ. AZUL 1000ml;87000;;AGUARDIENTE
AG. ANTIOQ. BOTELLA  AZUL 1000ml;92000;;AGUARDIENTE
AG. ANTIOQ. AZUL 750ml;70000;;AGUARDIENTE
AG. ANTIOQ. AZUL 375ml;38000;;AGUARDIENTE
AG. ANTIOQ. AZUL 260ml;27000;;AGUARDIENTE
AG. ANTIOQ. ROJO 375ml;37000;;AGUARDIENTE
AG. ANTIOQ. ROJO 1000ml;80000;;AGUARDIENTE
AG. ANTIOQ. ROJO 750ml;67000;;AGUARDIENTE
AG. ANTIOQ. VERDE 1000ml;70000;;AGUARDIENTE
AG. ANTIOQ. VERDE 750ml;60000;;AGUARDIENTE
AG. ANTIOQ. VERDE 375ml;33000;;AGUARDIENTE
AG. ANTIOQ. VERDE 260ml;17000;;AGUARDIENTE
AG. NECTAR VERDE 1000ml;68000;;AGUARDIENTE
AG. NECTAR VERDE 750ml;55000;;AGUARDIENTE
AG. NECTAR VERDE 500ml;36000;;AGUARDIENTE
AG. NECTAR VERDE 375ml;30000;;AGUARDIENTE
AG. NECTAR VERDE 250ml;18000;;AGUARDIENTE
AG. NECTAR ROJO 1000 ml;67000;;AGUARDIENTE
AG. NECTAR ROJO 375 ml;29000;;AGUARDIENTE
AG. NECTAR SUGAR FREE 750 ML ;58000;;AGUARDIENTE
AG. NECTAR DORADO 750 ML;65000;;AGUARDIENTE
AG. CRISTAL SIN OPOLIZADO AZUCAR 375 ML;26000;;AGUARDIENTE
AG. CRISTAL SIN AZUCAR 750 ML;50000;;AGUARDIENTE
AGUA CIELO 600 ML ;2000;;BEBIDA SIN ALCOHOL
AGUA H2O;3400;;BEBIDA SIN ALCOHOL
AGUA BOTELLA CRISTAL GAS ;2500;;BEBIDA SIN ALCOHOL
CIG. BELMONT x10;8000;https://assets.tuzonamarket.com/images/producto/7APDAhswAm.jpg;CIGARRILLOS
CIG. BELMONT x20;15000;https://assets.tuzonamarket.com/images/producto/7APDAhswAm.jpg;CIGARRILLOS
CIG. LUCKY DAIQUIRI x 10;9500;https://lacaretalicores.com/cdn/shop/files/Lucky-strike-daiquiri-nuevo.png?v=1713381707;CIGARRILLOS
CIG. LUCKY DAIQUIRI 20;19000;https://lacaretalicores.com/cdn/shop/files/Lucky-strike-daiquiri-nuevo.png?v=1713381707;CIGARRILLOS
CIG. LUCKY SANDIAx20;19000;https://prodcdnmobisoft.oxxodomicilios.com/01JVWC2D0MB3KQ05VVCMNDAS0A.png;CIGARRILLOS
CIG. LUCKY ALASKAx10;9500;https://lacavalicores.com.co/wp-content/uploads/2024/11/7702303953863.png;CIGARRILLOS
CIG. LUCKY SANDIAx10;9500;https://prodcdnmobisoft.oxxodomicilios.com/01JVWC2D0MB3KQ05VVCMNDAS0A.png;CIGARRILLOS
CIG. MARLBORO GOLD x10;8000;https://megatiendas.vtexassets.com/arquivos/ids/170329/7702005004474.jpg?v=638574366541070000;CIGARRILLOS
CIG. MARLBORO FUSIONx10;9000;https://exitocol.vtexassets.com/arquivos/ids/29493736/Cigllo-Cjtlla-Media-Moradoazul-MARLBORO-10-und-3238052_a.jpg?v=638895967534970000;CIGARRILLOS
CIG. MARLBORO ICEx10;9000;https://carulla.vtexassets.com/arquivos/ids/22117498/Cigllo-Cjtilla-Media-Ice-Mix-MARLBORO-10-und-3521039_a.jpg?v=638895967945430000;CIGARRILLOS
CIG. MARLBORO ROJO x 20;16000;https://megatiendas.vtexassets.com/arquivos/ids/170342/7702005002357.jpg?v=638574366572870000;CIGARRILLOS
CIG. MARLBORO ROJO x 10;8000;https://megatiendas.vtexassets.com/arquivos/ids/170342/7702005002357.jpg?v=638574366572870000;CIGARRILLOS
CIG. ROTHMANS AZULx20;16000;https://lacavalicores.com.co/wp-content/uploads/2024/11/7702303607223.png;CIGARRILLOS
CIG. ROTHMANS AZULx10;8000;https://lacavalicores.com.co/wp-content/uploads/2024/11/7702303607223.png;CIGARRILLOS
CIG. ROTHMANS BLANCO x10;6500;https://mercasur.com.co/rails/active_storage/blobs/proxy/eyJfcmFpbHMiOnsiZGF0YSI6Nzg1NDUsInB1ciI6ImJsb2JfaWQifX0=--85ed20149039e72e9f53fcabf8c267d6afe04c26/7702303006347?locale=es;CIGARRILLOS
CIG. PIEL ROJA X10;13000;https://lacaretalicores.com/cdn/shop/files/cigarrillo-pielroja-sf.png?v=1713381452&width=1000;CIGARRILLOS
ENERGIZANTE RED BULL 250 ml;7200;https://mercaldas.vtexassets.com/arquivos/ids/1326457-1200-auto?v=638524114639970000&width=1200&height=auto&aspect=true;ENERGIZANTE 
ENERGIZANTE SPEED LATA ;4000;https://copservir.vtexassets.com/arquivos/ids/1575407/BEBIDA-ENERGIZANTE-SPEED-MAX_F.png?v=638789375759700000;ENERGIZANTE 
GATORADE ROJO 500 ml;4500;https://encrypted-tbn0.gstatic.com/images?q=tbn:ANd9GcR4ACmUZ1YZjz48Aa-XUB3z5FpYS5d2RDPGEQ&s;ENERGIZANTE 
GATORADE  BLUE 500 ml;4500;https://vaquitaexpress.com.co/media/catalog/product/cache/e89ece728e3939ca368b457071d3c0be/7/7/7702192701545.jpg;ENERGIZANTE 
ELECTROLIT 625 MK ;11000;https://drogaspaguemenos.co/storage/products/1644434456-YW-electrolit-manzana-x-625-ml-large.jpg;ENERGIZANTE 
HIDRATAO SABORES 600 ML;11000;https://vaquitaexpress.com.co/media/catalog/product/cache/e89ece728e3939ca368b457071d3c0be/7/7/7702049170005.jpg;ENERGIZANTE 
MONSTER ENERGY 473ML;10000;https://mre-site-makro-colombia-test-webapp-slot.azurewebsites.net/imagesProducts/medias/117254_2_260.webp;ENERGIZANTE 
MONSTER MANGO LOCO 473ML;10000;https://exitocol.vtexassets.com/arquivos/ids/28931345/Bebida-Energizante-MONSTER-473-ml-3114566_a.jpg?v=638859659077470000;ENERGIZANTE 
GINEBRA GORDONS;93000;;GINEBRA
GINEBRA TANQUERAY;215000;;GINEBRA
GINEBRA BEFFEATER PINK 750ML;220000;;GINEBRA
GINEBRA BEFFEATER ORIG 750ML;210000;;GINEBRA
GINEBRA BOMBAY 750ML;200000;;GINEBRA
GINEBRA HENDRICKS 750ML;320000;;GINEBRA
GINEBRA HENDRICKS MINI 50ML;35000;;GINEBRA
GINEBRA BULLDOG 750ML;292050;https://olimpica.vtexassets.com/arquivos/ids/1192375/897076002003.jpg?v=638816410796700000;GINEBRA
CANADA DRY GINGER 1.5L;6000;;BEBIDA SIN ALCOHOL
SODA BRETA�A 1.5L;6000;;BEBIDA SIN ALCOHOL
BRETA�A 300 ML;3000;;BEBIDA SIN ALCOHOL
COCA-COLA ORIG. 1,5 L.;7500;;BEBIDA SIN ALCOHOL
QUATRO 1.5 ML;6000;;BEBIDA SIN ALCOHOL
HIT MANGO 500 ml;3000;;BEBIDA SIN ALCOHOL
HIT TROPICAL T 500 ml;3000;;BEBIDA SIN ALCOHOL
HIT MANDARINA 500 ml;3000;;BEBIDA SIN ALCOHOL
HIT LULO 500 ml;3000;;BEBIDA SIN ALCOHOL
HIT MORA 500 ml;3000;;BEBIDA SIN ALCOHOL
HIT NARANJA PI�A 500 ml;3000;;BEBIDA SIN ALCOHOL
HIT BOTELLA  1.5 ML ;7000;;BEBIDA SIN ALCOHOL
COCA COLA 500ML;4000;;BEBIDA SIN ALCOHOL
COCA COLA MINI ;2800;;BEBIDA SIN ALCOHOL
JUGO DEL VALLE 400 ML;2500;https://exitocol.vtexassets.com/arquivos/ids/28929553/Bebida-Naranja-Citrus-DEL-VALLE-400-ml-1559369_a.jpg?v=638859479443430000;BEBIDA SIN ALCOHOL
JUGO DEL VALLE 1,5 ML;7000;;BEBIDA SIN ALCOHOL
PONY MALTA 1.5 ML;8000;;BEBIDA SIN ALCOHOL
PONY MALTA 330  ML;3500;;BEBIDA SIN ALCOHOL
PONY MALTA MINI;2000;;BEBIDA SIN ALCOHOL
POSTOBON SURT. 1.5;6000;;BEBIDA SIN ALCOHOL
QUATRO 400 ML;3000;;BEBIDA SIN ALCOHOL
BRANDY DOMECQ 750 ML;75000;;BRANDY
BRANDY DOMECQ 375 ML;45000;https://exitocol.vtexassets.com/arquivos/ids/26655625/Brandy-Media-X-375ml-24468_a.jpg?v=638739776835330000;BRANDY
BRANDY REGIDOR 750 ML;74695,5;;BRANDY
JAGERMEISTER 750 ml;145000;;ESPECIALES 
JAGERMEISTER 350ML;92000;https://newyorkstore.com.co/wp-content/uploads/JAGERMEISTER-350-ML.jpg;ESPECIALES 
JAGERMEISTER 20ML;10000;;ESPECIALES 
RON BACARDI LIMON 750 ml;62000;;RON
RON BACARDI LIMON 375 ml;40000;;RON
RON BACARDI MOJITO 750 ml;62000;;RON
RON BACARDI ZOOMBIE 750 ml;70000;;RON
RON CALDAS 1000ml;78000;;RON
RON CALDAS 750ml;72000;https://colanta.vtexassets.com/arquivos/ids/156765/3997-1.png?v=638096664072970000;RON
RON CALDAS 375ml;38000;;RON
RON CALDAS ESENCIAL 750ml;55000;;RON
RON MEDELLIN 1050ml;88000;;RON
RON MEDELL 750 ml;70000;https://olimpica.vtexassets.com/arquivos/ids/1853355/7702049100576.jpg.jpg?v=638828287278830000;RON
RON MEDELL 375 ml;38000;;RON
RON MEDELL 260 ml;24000;;RON
RON MEDELLIN 5 A�OS 750 ml;87000;;RON
RON MEDELLIN 5 A�OS 375 ml;50000;https://supermercadolaestacion.com/54210-thickbox_default/ron-medellin-5-anos-sin-azucar-botella-x-375-mililitros.jpg;RON
RON MEDELLIN 8 A�OS 750 ml;105000;;RON
RON MEDELLIN 8  A�OS 375 ml;60000;;RON
RON SANTAFE 1000 ml;85000;;RON
RON SANTAFE 750 ml;67000;;RON
RON SANTAFE 375ml;37000;;RON
RON MEDELLIN DORADO 750ML;64000;;RON
RON MEDELLIN DORADO 355ML;35000;;RON
RON HECHICERA 750 ML;310000;;RON
RON HECHICERA 50 ML;25000;;RON
SALCHICHA RONDA;6500;;SNACKS
SALCHICHA ZENU;8000;;SNACKS
LOMITOS DE ATUN LA SOBERANA;9500;;SNACKS
LOMOS DE ATUN VAN CAMP�S;12000;;SNACKS
CHOCORRAMO 65 GR;3000;;SNACKS
CHOCORAMO BARRITA 40G;2500;;SNACKS
GANSITO BARRITA 37G;2500;;SNACKS
PONQUE RAMO TRADICONAL;8500;;SNACKS
PONQUE RAMO NUEZ 230G;12000;;SNACKS
PONQUE RAMO CHOCOLATE 230G;12000;;SNACKS
PONQUE RAMO TROZOS CHOCOLATE 230G;12000;;SNACKS
PONQUE RAMO FRUTO SILVESTRES 230G;12000;;SNACKS
GALA ;2600;;SNACKS
BROWNIE AREQUIPE 70 GR;5000;;SNACKS
SUPER RICA PAPA POLLO 105 GR ;9000;;SNACKS
SUPER RICA PAPA POLLO 30 GR ;3000;;SNACKS
DETODITO BBQ 155 g;11000;https://mercasur.com.co/rails/active_storage/representations/proxy/eyJfcmFpbHMiOnsiZGF0YSI6MjQ2NzgyNiwicHVyIjoiYmxvYl9pZCJ9fQ==--362ed5b7ca648c26b188cca56ca36f3400c19e0f/eyJfcmFpbHMiOnsiZGF0YSI6eyJmb3JtYXQiOiJ3ZWJwIiwicmVzaXplX3RvX2ZpdCI6WzgwMCw4MDBdfSwicHVyIjoidmFyaWF0aW9uIn19--bd5a2de8e0d11957373f04c83dd708213bfe6ce6/bb1.webp?locale=es;SNACKS
DETODITO NAT. 155g;11000;;SNACKS
DORITOS 185 g;12000;;SNACKS
GALLETA CLUB SOCIAL ORIG;1500;https://encrypted-tbn0.gstatic.com/images?q=tbn:ANd9GcT2VxhpPNPvd3yTZhvrOclzrjVuC2TM-SI2bA&s;SNACKS
GALLETA TOSH MIEL ;1500;;SNACKS
GALLETA FESTIVAL ;1800;;SNACKS
Galletas Oreo x4 ;1800;;SNACKS
Galletas Oreo x6;2000;;SNACKS
GALLETA MAMU DE LECHE ;800;;SNACKS
MANI ESPECIAL ARANDANOS;4000;;SNACKS
MANI ESPECIAL SAL;2500;;SNACKS
MANIMOTO NATURAL 44G ;2500;;SNACKS
MARG. POLLO 110 g;9000;;SNACKS
TODORICO BBQ. 160 g;10000;https://mundodulces17.com/wp-content/uploads/2025/02/tdt-187.webp;SNACKS
TODORICO ORIG. 160 g;10000;;SNACKS
TODORICO CRIOLLO  150 GR;10000;;SNACKS
TODORICO CRIOLLO AJI 150 GR;10000;;SNACKS
TODORICO CRIOLLO AJI PERSONAL  45 GR;3800;;SNACKS
TODORICO ORIG PERSONAL  45 GR;3800;;SNACKS
TODORICO BBQ PERSONAL  45 GR;3800;;SNACKS
TODORICO CRIOLLO PERSONAL 45 GR;3800;;SNACKS
TODORICO PICADA PERSONAL 45 GR;3800;;SNACKS
PAQUETE CHICHARRON PICOS;4000;;SNACKS
GALLETAS GLACITAS;1800;;SNACKS
GOMITAS TRULULU PAQUETE 90 GR;3500;;SNACKS
BOMBOMBUM ;1000;;SNACKS
CHEESE TRIS QUESO 80g;4500;;SNACKS
CHEESE TRIS QUESO 120g;5500;;SNACKS
GUDIZ 28g;1700;;SNACKS
CHICHARRON AERICANO JACKS 100g;15000;;SNACKS
NATUCHIPS PL. VERDE 135g;9500;;SNACKS
NATUCHIPS PL. MADURO 135g;9500;;SNACKS
DORITOS FLAMING HOT 41g;3500;;SNACKS
DORITOS 48g;3500;;SNACKS
CHOCLITOS 45g;2500;;SNACKS
CHOCLITOS LIMON 210g;9500;;SNACKS
MARG. POLLO 36g;2700;;SNACKS
DETODITO BBQ 50g;3500;;SNACKS
BOLIQUESO 34g;2200;;SNACKS
DETODITO MIX 50g;3500;;SNACKS
MARG. OND. TOMATE 35g;3000;;SNACKS
DORITOS MEGAQ. 68g;4500;;SNACKS
DORITOS MEGA QUESO 80 G;5500;;SNACKS
NATUCHIPS PL. VERDE 38g;3500;;SNACKS
BOLIQUESO 160g;8200;;SNACKS
MARG. OND. MAYONESA 35g ;3000;;SNACKS
MARG. OND. MAYONESA 105 gr;9000;;SNACKS
MARG. BBQ 36g;3000;;SNACKS
DETODITO MIX 165g ;11000;;SNACKS
DETODITO LIMON 165g;11000;;SNACKS
CHEESE TRIS QUESO 42g;2500;;SNACKS
MARG. OND. TOMATE 105g;8500;;SNACKS
MARG. LIMON 36g;3000;;SNACKS
NATUCHIPS PL. MADURO 38g;3500;;SNACKS
TROCIPOLLO 30 G;2000;;SNACKS
TROCIPOLLO 50 G;3500;;SNACKS
TEQ. DON JULIO REPOSADO 750 ml;360000;https://dislicoresqa.vtexassets.com/arquivos/ids/370468/2393-RESERVA-DON-JULIO-REPOSADO-0.700ML-1.png?v=638887048117000000;TEQUILA 
TEQ. DON JULIO BLANCO 750 ml;300000;;TEQUILA 
TEQ. JIMADOR REPOSADO 750 ml;140000;https://licoresjunior.com/wp-content/uploads/2023/12/TEQUILA-JIMADOR-REPOSADO-750-ML-Web-1024x1024-1.jpg;TEQUILA 
TEQ. JIMADOR REPOSADO 375 ml;82000;;TEQUILA 
TEQ. JOSE CUERVO REP. 750 ml;117150;https://dislicoresqa.vtexassets.com/arquivos/ids/369768/137020-TEQUILA-JOSE-CUERVO-ESPECIAL-REPOSADO750.png?v=638696969162970000;TEQUILA 
TEQ. JOSE CUERVO REP. 375 ml;70000;;TEQUILA 
TEQ. OLMECA REPOSADO 700ml;110000;https://licoresjunior.com/wp-content/uploads/2023/12/Mesa-de-trabajo-1-copia-2-4.png;TEQUILA 
TEQ. OLMECA CHOCOLATE 700ml;115000;;TEQUILA 
TEQ. 1800 A�EJO;340000;https://static.wixstatic.com/media/477dc5_a38c8fcd704947cea504ba860950570a~mv2.png/v1/fill/w_560,h_560,al_c,q_85,usm_0.66_1.00_0.01,enc_avif,quality_auto/477dc5_a38c8fcd704947cea504ba860950570a~mv2.png;TEQUILA 
TEQ. 1800 REPOSADO 750ML;280000;;TEQUILA 
TEQ. OLMECA BLANCO 750 ML;113000;https://licoresjunior.com/wp-content/uploads/2023/12/Mesa-de-trabajo-1-copia-3-2.png;TEQUILA 
TEQ. OLMECA BLANCO 375 ML;58000;;TEQUILA 
TEQ. PATRON REPOSADO 750 ML;330000;https://api.lalicorera.com/storage/extras/licores/86853155-patron-reposado-750ml-b.webp;TEQUILA 
TEQ. PATRON A�EJO 750 ML;380000;;TEQUILA 
TEQ. RANCHO ESCONDIDO 750 ML;65000;https://encrypted-tbn0.gstatic.com/images?q=tbn:ANd9GcSSXAUARRfl6RM6jbYn-siGz8xPg3HKI7YI2Q&s;TEQUILA 
TEQ. DON JULIO 70 750ML;550000;;TEQUILA 
TEQ. PATRON SILVER 750ML;300000;;TEQUILA 
TEQ. HERRADURA ULTRA 750ML;330000;https://encrypted-tbn0.gstatic.com/images?q=tbn:ANd9GcQDdG-yQ5F3ZElBAQkUv8OuVJGjdTv4eRqbaQ&s;TEQUILA 
TEQ 1800 CRISTALINO A�EJO 750ML;400000;;TEQUILA 
TEQ. OLMECA ALTOS REPOSADO 700ML;240000;;TEQUILA 
TEQ. OLMECA ALTOS PLATA 700ML;240000;;TEQUILA 
TEQ. OLMECA REPOSADO 350ML;58000;;TEQUILA 
TEQ. W. CHIVAS EXTRA 13 700 ML;250000;https://s3.amazonaws.com/takami.co/thumbnails/productimage/06f55a2f35cf46a6838583368cdc6dfa/8gyy4rvjcazgpdczuypmny_1280_800.jpg;TEQUILA 
VINO DUBONNET 750ml;98000;https://www.arflina.com/ProductoImagen/gp369/752.jpg;VINO
VINO DUBONNET 375ml;47000;;VINO
VINO FRONT CABER. SAUV. 750 ml;53000;https://olimpica.vtexassets.com/arquivos/ids/892166-800-450?v=637971434090300000&width=800&height=450&aspect=true;VINO
VINO FRONT MERLOT 750 ml;53000;;VINO
VINO FRONT BLANCO 750 ml;53000;;VINO
VINO GAT NEG  MERL 750ml;52000;https://licoresmedellin.com/cdn/shop/files/VINO_GATO_NEGRO_MERLOT_BOTELLA_750ML.jpg?v=1710512036&width=480;VINO
VINO GAT NEG BLANCO 750ml;52000;;VINO
VINO GAT NEG CAB. SAUVIG. 750ml;52000;;VINO
VINO GAT CABER. SAUV. 375 ml;29000;;VINO
VINO  ESPUMO. PETERLO BLANCA 750ML;44000;;VINO
VINO ESPUMO. PETERLO ROSE 750ML;44000;;VINO
VINO MANICHEWITS GRAPE 750 ML;72000;;VINO
VINO CASILLERO MERLOT 750ML;76000;;VINO
VINO CASILLERO CABER 750ML;76000;;VINO
VINO CASILLERO CARMENE. 750ML;76000;;VINO
VINO CASILLERO BLANCO 750ML;76000;;VINO
CHAMPAGNE CHENET ROSADA 750ML;83000;https://exitocol.vtexassets.com/arquivos/ids/26656122/Vino-Espumoso-Rose-Ice-Edition-X-750-ml-945437_a.jpg?v=638739782300000000;CHAMPAGNE
CHAMPAGNE CHENET BLANCA 750ML;83000;;CHAMPAGNE
CHAMPAGNE MOET CHANDON ICE IMPERIAL ;600000;https://kyva.co/wp-content/uploads/2020/08/MOET-IMPERIAL.jpg;CHAMPAGNE
CHAMPAGNE MOET BRUT IMPERIAL 750;500000;;CHAMPAGNE
VODKA ABSOLUT 700ml;115000;https://encrypted-tbn0.gstatic.com/images?q=tbn:ANd9GcTzSE8tYfPzSCK27OK-rjIg-1-P0hocsGp1AA&s;VODKA
VODKA ABSOLUT 350ml;69000;;VODKA
VODKA ABSOLUT 50ml;10000;;VODKA
VODKA ABSOLUT MANDRIN 750ml;123000;;VODKA
VODKA ABSOLUT CITRON 750ml;123000;;VODKA
VODKA ABSOLUT RASPBERRI 750ml;123000;;VODKA
VODKA ABSOLUT VAINILLA 750ml;123000;;VODKA
VODKA SMIRN GREEN APPLE 275 ml;10500;https://pacardylwpmedia.s3.us-east-2.amazonaws.com/wp-content/uploads/2022/09/09150611/5410316948999.jpg;VODKA
VODKA SMIRN ICE ORIGINAL 275 ml;10500;;VODKA
VODKA SMIRNOFF 750 ML;110000;;VODKA
LATA VODKA SMIRN ICE ;9500;;VODKA
LATA VODKA SMIRN APPLE ;9500;;VODKA
VODKA SMIRNOFF LULO 750 ML;60000;"data:image/jpeg;base64,/9j/4AAQSkZJRgABAQAAAQABAAD/2wCEAAkGBxQTEhISExAVFhIWFRIWFRgVEhMSFxAVFRIZGBUZFxUYHyggGBolHxUVITEhKCktLi4uFyAzOzMsNyguLisBCgoKDg0OGxAQGzcfICY1KzAxNy03Ky0tLS0wLS0vMTMrLS0tNS0tKy4tLS0tLS0xLy0tLTYrNjctKy03LS0uLf/AABEIAOEA4QMBIgACEQEDEQH/xAAcAAEAAwEBAQEBAAAAAAAAAAAABAUGBwMBAgj/xABAEAACAgEDAQUDCQYFAwUAAAABAgADEQQSIQUGEyIxQVFhcQcUIzJCgZGhsTNScrLB0RUkYoLwQ5KzFjRjk+H/xAAYAQEBAQEBAAAAAAAAAAAAAAAAAwECBP/EACoRAQACAQMCBAUFAAAAAAAAAAABAhEDITESUSJhwfBCcaHR4RMyQYGR/9oADAMBAAIRAxEAPwDuMREBERAREQEREBERAREQKbth2gXQaO7VvWzrVs8KkAsXsVByfIZYTCWfKtqStb1dFd0dEYE6qsZL2LWoXapzl7FUeRJyMeE40vyrapa+m3b8BXamslgxCq1q7mIUgtgZOMjOMTiN99eits0zAMtVbCpy6v3t9YsWp9mcJSHtssCYJ3KpyczYjLHQtV8r2prrFj9IATLKxOuq4ZWIIHhyTx5YnQuy/aKvW0pcgK7lDbW81zwQfeCCD/8As/n6zszqloRfoNOFDKxKabvWCkZ8dCNYzDeuQSCMgTrXyT6c1aeqo2FytdpJ9G3Xls+31/A++NSOmYhtd8ugRETAiIgIiICIiAiIgIiICIiAiIgIiICIiAiIgIiICIiBkPlU0veaBlG3d3tBUOcK5Fg8J4Ocjdx68jjM4/2i0lt3zLp+ovqoqRXbT2u/eYwoVaLSAMONjYJwDuwPQTqvyylv8O8O/f3+nKbAS+8PldoHO7IGPZ5znnaDbYtFeqqNd+opWx6NorLFF2B0DYWm/wALisPwF3pnitRzeLRHVWM+sfhu38yyfRe0JSgLY6MyDcgI7tlKXNbsyE8TNa1VmSfKgr5kZ7l8l2PmumxjjSaYe3/pIT8PT/mJxTritqq+71erPfaXT3Np2KE/PlVjuBLlWWxSu3lcnYTyRz2z5OagqhfUU1DgEAAKAR+I9OJnVFsTDYjETDbRETtyREQEREBERAREQEREBERAREQEREBERAREQEREBERAx3ypaju9JW2wt/mdOu0WvRuLsVGbE8Sjxc49Mic41WjsfUUaj5gFbuESkfOwtdanTW4YV/NiQV+kbngMckYzjefLRYV6cGFTWbb6G2qzqeCcEMniXBwcicet1uobuwnTNS3gRhjU6/wnbjgb/wA/fOomYZKbrqHZNx0pQ7K9QrJrRuDKNwuGKDlwiKh/Tduadh7Dj6TUHngKOQPrb33Ae4YHHpn0nB7L9Sq4bpWqCYxg3a7bjnAKkkEeJuD+8fbO89iijWW2V8oyjxDxLkuxI3e0Z+r6Zk5rETs6idpa6IidMIiICIiAiIgIiICIiAiIgIiICIiAiIgIiICIiAifmywKCzEBQCSScAAeZJmW6r182ZSo4r8i/IL/AMP7o9/n8JsRMsmYh6XW2aqy1DsWmqwBcjJsIXk559Scf1kpdNbuJa5SPs+HkfEk8/gJWdNKIOFAlidSJ3MOMvmp09xUgPX96AieHRLLKW22BNrtzsG3BOBnGT7BPZdYv7wn5sUP+7+MYZlo4lZ0+514Zgy+h53D4+2WQM4mMKROX2IiY0iIgIiICIiAiIgIiICIiAiIgIiICIiAiIgZ3tnZ4Kk+yz5YfvbRkA+7JB+4SoSpzghRjj2SZ8o2v7iqiwUi12uFSKXZQGdTgkLy3KgYyPPzmJ1vWOqBrKh3NNlenfUstaVMO6Tg7W+ky2eMZ8weZWvCdozLoWntbaOBn4Cfi9nPqPynMNYeqDU26WzqVgavTvqMqSqsq179o2hTnzXPukNdBrLNOt/+M3C1tLfq1pPzg7q6CQ470WYByB6evlNMOqonuH5T1FAI9JxnpvTeo2V6K9Op3KuqbUKCXtJoalbWAPi8W4UPjyxj1k7pfVOqvpE1SdVXLVai5abAr2PXpmK2kFqiuePIkeYg6XVWG3kGTezmvNhsU/Z2kf7s/wBpyqjtN1YDTbqNLqRqEV61XatzK1RtGRW6lDsBPKkcYGZuPkx6umpGpcUvTYjpXbW7BwjqDkK2AeOQQQCCJluCIxLcRESShERAREQEREBERAREQEREBERAREQEREBERAw3yuEjTaZgAWXW6Yrk4G7xYyfQZxzKKh6dPq7muFdPeVaWq2sag2hO/vu7/Dsc7cJWT5YyOBmbD5QejLq9MKnsKKLEclUDkhVbgAkAefnMl07sBoQBuS+w/wCu7Yc+vFQH6yleHEzCp6j16izUnUG9QX0XUKG5yQ/e2CkH+JWXB8sYkGntJpjoa9GbFRm0V1bWgWb6rhdvrqOB+ybndjg5GfKWvbbpGk0VdfcaKiy995FVt+qZ3RFBZq17zxEeZXgkeWTxPz0FumaqlWq6O9t20G2upAVpPIyb7XVNpwSOc49BNzDVT2R7V6amrSUW2gBdPqt+Q57nUfOLDV5DHirusGRkcjmRuz2qpGgoJ1VKvToeq0tUz7bTZqLC1e1cYYED2+omsfofTFDHUdGuowpIL4KWEfZWyi1gG9xx+UhanspoGXvE6cRSxFaudVqaQuoJ2qr/AEjjumbFe8DwuQCD4ivP6lc4MM/pdbUdR08d0D3fSj3r12EPaB0ywNWTyEZNrAHGQW58pr/kEbNevPi51CnxnLcpnxH1bnk+2Uei7AaLU1CxLNRp7RxZULatR3Dkcq+VVs+YwSDwfjN18mPZ6zRrqhZqBebLUYPh1YgVhcOGJwePaZs8EctvERJuiIiAiIgIiICIiAiIgIiICIiAiIgIiICIiBV9ox9Cf+fZMr9JXk/fLPrwzSf+fZMh6ZecyteErcsHr9S2o1dwXULjv00lLJwdHZstOscEjw2rTTYFPkDdnnieV/TF01ne6etalyccHAUH6loH1kIIDEeJSQQWBBf9jTLptdcoFuU1aa07jncmoS2jUGsgDArW+t8ckBW59i683tsD4oTB3Fa0DAA4bYzAEcNsTPqTjaNs82rPERz758m3mcYrz7+nf74e9VTauwHcqKDWihmKlnZBt+r4u8YAvkfVXJBBII13Q2XVaLZbUgrZbKWRFwndglMBfQYmKvrfS2V3LjClMFgdqkMc1WHnCb1sCv5oQfQsG1vY7UoNKcuAK2tNm7ANXiLkOPskA59mOQSMGT0urr/3Pz2/OGU29fn9u3uIxfZjanULQbGN11I70bFC2Waa2yiy0sPtl6LDj/5DOndBTCsfaROa9lBa+uss2MtHcNYS9YGbtRqbLygc8gqNQ6svoVGfSdR6UPBPX8Lr4k2IicOyIiAiIgIiICIiAiIgIiICIiAiIgIiICIiBS9sOppptLZfYCUTaWx54LBf6zw0dnGM+XH4ev3jB++S+1NIfTWIwBB2gg+X1hjy9+Jynourq1mns0OtY1WUsEuqS5kJrWzFJDZyyjwg5z5KT5rKV4Tty0HVtZZrr/m9K4qGN7sCO8AP1m8j3YPkOC5GOACyzbOj2UEpRdurdl316ml7FZnGMpfSVZQccoQyjAACjAk/ovTadFRsqB2KGZmZt7uQCcu58/LHu4Ea3WVMimyshnoa797aEABH1hkkEgHjj2TzWxp7zPi9FtCkWtvE48sK4ae67i2yuuk7S6UaW53tBfBU3X5wpIJYKmcZORnMp+2HSrdMWvp50rIqW14GERWyFfGC9RPHJyASudpmjFunVDZ3feMtiVqAm1ms81xlj6befTb8BLTR60Wh1KFWUlLEba2CR5EjIIIM607RNsTjPl7+jrVrWI6qZx549/2y/Y/uRp91NjWF7LHtZz4+8ZssHHoeScDjxEjgibrojZQ/H+gP9ZxHtFnperN+lbdp2K97Vnhc5O3Ps8yp8x8OT17sP1FNRpRfWco7EjIwRgAEEe0EEfdLzMdLzxE9WWgiIk1CIiAiIgIiICIiAiIgIiICIiAiIgIiICIiBV9pmxpnPvT/AMizlvXejG7vLdOiDUkJ4ioy/dqwUE+vDEEH6wCj0AnUO1I/ytv+z/yLMjo0xiW04zGErziWe0Hag6fGn1ZXc9e7YzjaF8Sv4z9QeFvBYVK4xuIwF0yfNLEGWtUBSch2/ZvaK9m7lSpYDABP1gfIz16p2Z0usXF9IZsYDqSlgGc4DryRkZwcj3Sq1fyfVlqjXaaxUtagKGXeEUKN5VgGOFHpjIzjkgyvo1tzGXdNWa8ThYO+kO8q1rofGUXey5AwGGwEgjZwQc8e/mn1XaGtXbR6Ur3rMcgWC125AJd8kJ5jxMTwc7Wxz5dV+TM32WM2vsWl9m2pQz91tUA4d3xycn6v2pp/8CoRu87sGzjkgAD+FAAo9vl5zK6NYnMQ22raYxMsH2Y6NqLzZqdbWFpdNqUWotjE7sl9zcgMAMk8v7lVZ0v5POmJptJ3Nedi22lcnJAd92M+uN2PukLVHiXfZX9h/vb+ktauKp1nNlxERIqkREBERAREQEREBERAREQEREBERAREQERECt7RDOmt+A/mEyGnbj8Zs+uLnT2/wmYrSr5y+lwjqcrzQtxJkg9Ok/E2eXMPjGQ9U0mOshahYglXahuJouy37AfxN+szmqHE0nZj/wBuvxf+aZqftbp8raIiQXIiICIiAiIgIiICIiAiIgIiICIiAiIgIiIETqw+ht/gb9JhUbbn3ze9RH0Vn8D/AMpnNOoNYr17M7MkuAFOcPXnggn6ptPGOQOfIGunOyWpG7TdLslpMXVrdWrNtrYgNbj/AC72DAst7vDDbnKrTzyPGTk4wLFeq6r6X6I4Wp2VjpNQNzAKRwSC2A3K4BJJx9Wba27Iq0jSBqjK0dZ1W2ktpiS9ly2You+iC3qtY888oXO7y8jwPOtv6rrTjFJ2lQS3za1CM1AkhGJJO77P3efERYmq3uXiaLs8uKE+L/zmYW7VXt3RO5c7Q6ha1y3zgAj6QHjZ5EHkE4yTuXe9C/YJ/u/nMXnMFIxKfERIrEREBERAREQEREBERAREQEREBERAREQEREDx1n7N/wCFv0MwPUOkrcyHOChYrkEjcWQ5OCPRCMf6s+k32sGa3H+lv5TMjUp4+6V0+JSvzCk03ZBgV+lTAIPNZHk+4Hz4Iyx+Kr7yLLSdmr0apxbXhHRyv0i7wtxs5PODg48v7m1qsBwM+nPB/t8ZK+c148VnmPUkZBLD+4+6cTavdSKX7Mt1HsrY27bqlVWW0YO4kM/fhiAMYA79vLBJTljuMka/pFjtYxsrwwXaCjOA66kXByMgHByMe4e3A0V2orCkhl5yPiQMn9fzke6xFG0n2+h8l4PkPaDEWr3JpftLGUdmCvc5vBFXdgfRcla3yoJ3+eMjOPYfTB6X0UfQ1/A/zGZd2Bzj09xmp6QPoa/h/Uzu+OnZxXPVumRESShERAREQEREBERAREQEREBERAREQEREBERAj67UKiMzEAYxycZJ8hM01uFyBu8uB688yx7VsvdoHXIL4+B2nH9Zn69Gn2QV+BltONkbzuuNPyM+IZA4yQV49noZ7LTz9d/+7jyA9nuz95kemhwOHPwPP54kgLZ6YH+7P6rOZpDut7Q/V2hVwAxY4JI59qBTnj3Z+M+avS5BwX+0cBsclix/WfTXb+/+n9p8dLcef5zI065bOrfGMqQd4xA7lwOckg8evs58/wAprOkODUoB8hg+4iUFgdfX85N7OFt9mT6L+OTKXjwp0nxL6IiQWIiICIiAiIgIiICIiAiIgIiICIiAiIgIiDApu1SBqfMZVlYDIyccHH3E/hM5TceOJqeqdCqvGHDfcxGJS29ij/09bao9A4SwD9D+cpS+OU7UysNI+QJLWUidntYn1dZS38dDj8xZPQaHqA+1pT/9y/3ibQRWV1kTxvvGPOVi6LX+p033Nd/afsdF1DfXtpHwWxv1YRmCYlH1WpGfOWHZpwe8OR5qPMegz/WR/wD0pn61/wD2VhfzJMmdN7NU0nK7ifUs2c/hNteJjEFaTE5lcxPgGJ9klCIiAiIgIiICIiAiIgIiICIiAiIgIiICIiAiIgIiICIiAiIgIiICIiAiIgIiICIiAiIgf//Z";VODKA
VODKA SMIRNOFF LULO 375 ml;32000;;VODKA
VODKA SMIRNOFF TAMARINDO PICANTE  750 ML;64000;"data:image/jpeg;base64,/9j/4AAQSkZJRgABAQAAAQABAAD/2wCEAAkGBxAHBhUSBxASFRMWGR0XEhgWGB4XGhkaFxYZIRUXGB8kHiggGBsnJxgYLT0jJykwLjEuHCAzODYsNystLjABCgoKDg0OGhAQGzgmHiY3LTYwKy0yLystLTEtMDc3LjEtKzItKy8vKy0vKy0tNy0rLSsxKy4tLSsvLTctLS0tK//AABEIAOsA1gMBEQACEQEDEQH/xAAcAAEAAgMBAQEAAAAAAAAAAAAABQYDBAcBAgj/xAA/EAACAQIEAwUEBAwHAAAAAAAAAQIDEQQFEiEGMUEHEyJRYTJxgZEUI3KxFRYkM0JSgpKhssHwNTZTY3ODlP/EABsBAQADAQEBAQAAAAAAAAAAAAACAwQBBQYH/8QANhEBAAEDAgMGBAUEAQUAAAAAAAECAxEEIRIxQQUTUWFxoSKRsfAUMoHR4UJSwfFiBjRyouL/2gAMAwEAAhEDEQA/AO4gAAAAAAAAAAAAAAAAAAAAAAAAAAAAAAAAAAAAAAAAAAAAAAAAAAAAAAAAAAAAAAAAAAAAAAAAAAAAAAAAAAAAAAAAAAAAAAAAAAAAAAAAAAAAAAAAAAAAAAAAAAAAAAAAAAAAAAAAAAAAAAAAAAAAAAAAAAAAAAAAAAAAAAAAAAHjkorxOwBO62A9AAAAAAAAAAAAAAAAAAAAAAAAAAABo53VdHKqkoNpqLs07NbPdepGqcRKduM1xHnD824qvPFz1Yuc5t9ZtyfzZ4k1TPOX6nTYt0RiimIjyjDe4bxNXC5xSWEqThecU9MnG6b3Tt5llmqeON2HtGxbnTVzVTE4iej9HYdt4eLnzsr/ACPZfm7IAAAAAAAAAAAAAAAAAAAAAAAAAAERxY9OQ1LtLwvd7fosjX+WVticXafWPq/O9Vb2ijx70RTXMQ/WsYjdny2yx0HLo7/L7jliM3aY82DtWeHQ3Zj+2X6Qy+/0Cnq56I3/AHUe2/L2wAAAAAAAAAAAAAAAAAAAAAAAAAAETxTGU8hqKlpu0l4uVnJKXLfk2cq5J254a4nzhwipmsKTj3VKDSt7Svytfr6eR4veRP8ATH67v0ivR1zvVXO72ljHi8VT+iRhGd9m1tspXvv/AHYtsTFV2nEY9GPtK1VY0VyZqzExPvj6P0VTio00o8ktj1nwD6AAAAAAAAAAAAAAAAAAAAAAAAAADVzRXy+el2eltdd1yOxGZcmcQrmI4NpRVsNUlCNrJRS2JU8PhBcu3q+dyr5yjcfwxDAV6NaNWblGpCy0wa9tecW18Gjvd0zvhzv78RjvJxPTM4X8rSAAAAAAAAAAAAAAAAAAAAAAAAAAA1M2/wANqfZZKnmjVyZqiuIEPxFH8lh/yQ/nRZR1QrTpStAAAAAAAAAAAAAAAAAAAAAAAAAAAheMMyhleRynWnGN5RgrrVdymk7K6u7XfPodpnEqr1XDRMoLD8ZwxMrQrv8A8lRr+E2cmqIlRTqIqjaf/WUfxHxVTp4X6zEx8LUknhK0NTi7panOy3sIuxTJXej7iXQ8PWjiKEZ0WnGSUotbppq6aDYyAAAAAAAAAAAAAAAAAAAAAAAAADUzLGfQ8PdK8m9MI/rSfT738DsRmXJnENbA4Byn3mYeKo+XVR9F5IlM42hGKfFJpW5EE3k46oNNJ+jAg8wqzyOGvB09VJb1Ka5pN+KVPayfXS7J+j3J/m9VczNKZwuIhisPGeHd4yV4vzT5MjMYTicspx0AAAAAAAAAAAAAAAAAAAAAAAQGZVn+MME+UYXXvk3f7kW0cldU7pmFTVEhMJZZkRSAMWIV6TudhGURwnJ/Q6sP0YVpxj7nplb5yZZd5x6I2p5+qcKlgAAAAAAAAAAAAAAAAAAAAAAAofGeefgjiKP1bd6StKza1NztG0d+UZO/JWM93UXqZ4bVMT45nH382uxpKLtPHVVOc4xEZlXl2jY537nD4dRXVvV53fhqN2suqIRqK8Zmafefo9aOyLe0d3c/Xhp+s+LJLtDzRQlKOHw2iPtNwrpK6TV3pstmnv5j8RPPPtLsdk28xTwzmeUcdv8AnrltYftDxrlavhqWpJ3SU1ytf2lHlf4bHYv+cfKY/wAK6uyaecUzjyqon/L7p9pU6stNXDxt5xlr+ehzt8TlzUXKd7cRV6T+6i/2ZTbozXxUz507fONlj7PMasxympVhGSUq0naStzhD0V16mii9N2MzTiY2x9+rzbun7irh4s53zH35LSTVAAAAAAAAAAAAAAAAAAAAAAADk/awnDiKk5STThC0bX9mpUcpfJr5GDUcPeT44j6vouwqKpqiqI2iat/WicfRglxHhaccTGpGc++fOzWzoU6cra3F23rWvv7Jbn820znynwdnTXIi1mummaOk1U8+KZ6TPkjMXxBCrltenClVUqiWmXh2tRw8HF+K1pd1K75pNW3uiEzVwzHDO/7Los2u+t3O9oxTOccX/OZ9omJ9dkxHi7D4jNlOca1N85WUW3bEUpxVlPrCkk/V9Sc1zM54Z+XnH7MtOjim1NEXKKs4/qj+2qOvhNWVfx2ZRr5d3aUrqnhqcdX+1Tl3zjqXh3srRau7PfdGaur4cT5fy93T6aYvRcicxm5M4nPP8ucTv47+jpXZZrfCqeItdzlazvtso7+5I2WOH4pp8ZfGaraqI8o/lcC9mAAAAAAAAAAAAAAAAAAAAAAAHHe2OhOpxPR0pWlSjGLb695Uv/NH5syajMV08M7zt4Pc0NNyrQXpt0xNVE0zGYz67ekerLhsHX4byh06k6Lc9M1JRUu7i3CGp3XTW/TdGCmqqiuqmeeKZ36bzHjO6/vbWs1MVxRiIido6zETMRHKd8eqS4czzE051KOKxD0qCmnVacoS1td22o7prdbcl5bl8ai53UzE4n/lt18fNi4KdTYovzZ4KpmY4fGI68/vMMOPzvEYvNqmup9VCcoRgoxcLQj4ZVLq7c77b+Vr7nNRqK4mY9fTbx9U5otWarNmLUzNyMzX/b5eG3LfqgeOcqrV6csVhoUoU6a0y0+GacNV+m+y38V3bqRorrruVzTnacY36RG7trUU2rE26KIquzO0z5zHLlOfl6r/ANlEXHg2nq6yk/g7WPRsx8EMnamPxVcRyjb2XAtYAAAAAAAAAAAAAAAAAAAAAAABy/tWr/R82p1J2Sp01KLs+cpzTW2/lys/JlEaa5qdXatW5jPxTvy2w9fQ3rdnTXqrmcTwxtsgMLnVDN8VKaUKN4qM5Oc5wjFTbmmvZUPHG0XdJRt6FvaPZ93T3YprxicYnlE457RO843nMTE+7un1dM24iiZmczOMRmJ2xv8APlMTnzTvEGR0c90YbIIxoqEpOvTjBxtNLbVJrTLltvyvbZmC/amqYizEbc45ffVp0muuWM3dTPFMxHDOc7fX+ee7JQo4WnkyVd0/ptOCUqumUXCLqKMU3ZXlK+mPXydldKLUTa4ZxxR++3+/1V3tRd7yaqc91V0552zOI8uc+6pY/iWjSVXDwjLVUlJSlJuUVKSgpSUZO7eqMrXbVptbnt2OxL9Wmqu7ROMxnfO3j4T578vRl/H241FGc7YjbEdds7RnbGcOr9ncdHCVJWtZzj+7Ukv6Hm6WeKzTPkp7R/7q56rIaGIAAAAAAAAAAAAAAAAAAAAAAAcj7b6U6lemqemzpPm3dOM024pJ32fwW56HZV6xa1lua6piqcxHhOY5TPrG3jLVRZv16W7NFOaY4c+MeGFdzqFOrg08Bh3R+rhCrq0x1wagotc/Zbim3Z79UnbwMamm3XZ1F7jmapqpjMzjEzxZmYiN4nOIzHV63Zliiq9RcqpmKeWcc9sx59E1hc1zOFFSrVIKpB92nKKvZQTdpKMt7N8ttnv0I/h79WauOYkuafSU1cNOZp5/cbfu1Mwx+OxVJUp27mDjNpU9Kc1vBLZavJpXs7+9x7m7TmiZmYn9Of3z6NWlsaWnNyqrfE+fTfx6cvFC5vRpYfK4QhQl3/fwlObilGpJ6rqEleNktrOy297Pa0epv3NbXqa70dxwVRERM5piMRvE4nOd+KM5+UPCu2JpxbiiePMdOfX6dOjs/Z6pLg+h3ytJqTe9+dSTW/Uz0026YiLU5pxGJ8dlOpmub1U3IxVmcx4LEdUAAAAAAAAAAAAAAAAAAAAAAADm3azgXicTSmpae7pVJXs93GUPCrcnueV2jXFNVEY57Ppf+ntV3UzRjPFNP+VRy7K6+aZTKpgaV9k5NvaahJNwius3oj6bW5vfNqdZpNNcpmqvNdUbxjamZnfM+GPrnlyvua2bWonT1x8FE7T6xOPXGc+z4eMws613WqQfOS76qtLbWqPsPlvt71zST9Smu3VieLH6ysi1qOH4aIqjpPDTv582fBJY+apZVKpUqSV4uVaUowcWrSmuSW19/NWuzPqtZZ09EV1TMx6568seblVM24qm9EUxy2piJmJjp/DQx2DqVc2dChTnCUpOTVS0Ojslu1ps3vvqMdddiizFdFcVU+Wdt9ukb/Ro0XaHe251FynHB8Mbc56z+3hDsfAf+TsLb/TT+Z7VqnhoiHy3aVXFq7lXmnyxhAAAAAAAAAAAAAAAAAAAAAAAFE7U6iWEhCXOpGpCPo3GPi83a/JdLmDW6O5emiuifyzy8c4bdDqIs3ImeXj6K7wxWr/gmFHA1aMKmlbO6s41pNyS0Wqao2vZ32Xw+b7T09FF2bt63PD/APMdc7Ynyxls1tyL16qu1OY2382vmmCnWxFsX3E6mmzlUjSlK/i9qUaKvUT02206bpxct209yiKM0ZinyzHyiap2989cMtN+9b2pqmP1b+X08VDBxWSdzT+q+t0xpxXeuM92nC7f5u0rKLtK66Ga9On7yfxGZ+LbOZ+HbwnHjmOfLDlVd25OZnM+aDzKo/xwp1MQ04xppVKkLPVNQs29NrtO/JbJe49TT2Jr0s2rNPxTMzETttnz8nrd53WhjM9d/v3dg4cSjkNHSkloTSXJXV9j6S1RVRRFNU5mOb52u53lU1+KSLEQAAAAAAAAAAAAAAAAAAAAAABS+0Skqs6CnBS/OtbXd1T8NreK11Hk16nYt01xOfbMfRKi9Xbn4flOJif0lS44elHE602pU7tPvGtKjKHjScW0t79fZfMzXtFTdp4ZqmY3577TzifVts9o126aqeCMVYztjl/tMLHxjThdVm5WW1Wb8TlOK2u3bwSe3LbyuvIq/wCnoz8NcY/8Kf4Zu/8AL3l8Y3EwrwqRpTqaYvTUWv2rOpsm5OK/N8rXepLzRZY7Bi3PFVXEzHLFMRj3/wBLbWri3VxcOfWdkHHDUW3CnGeydk5vdp22SSk1Zyez6M9W3oqIr4uKfv391+o7Vu3omKqY38s/x7OxZLHRlFFRVkqcbL9lGiv80vMjk3SLoAAAAAAAAAAAAAAAAAAAAAAAqfHWX/T50EnaUZS035XaS33Xr8y231QqnEqziMizCnPVacou7tGTe+ld3a6srSV35rbfkJqjq7ENeWCxcsI1Xw6VRTbjeEGu706owXh5a/RO+9+p3MOvMJhMW6+qrhdW6vanT1SSnDZbLlGNTm/018OZjqYfOZZXjVgtWNWiEYNVL338LV4x2Ttttbfz5JTpnfZGqcRu6plsdOX00ukI/wAqKaucpRybJF0AAAAAAAAAAAAAAAAAAAAAAAU/imms1zenTpValOVJ7uDtdzim09t7LQ/2vQsimeHMMt6mLlURnGPBN5fgKlCjaWIqT+1p/pEjv1XUxiMJFQf6z+SOJ4eVKcpR8E7fBMGHO+0HLcWsI5zx83TW7gqcV15XTW3zJ08czGJxHuy3reY5yufCmYxzXh6jVpXs4JNPdpxVnf5HLlOKphfbq4qYlLEFgAAAAAAAAAAAAAAAAAAAAAAAoGeSkuKqkVC28ZKV+adOCd174lsVRw4ZK6pi5Oydw9ZaL1Xv6EU+NtRqRvs3+8zku8T6laUX4pL4sHEq/EFCahJpOS0tNKdk7rrd/wB+hOKsKaq8eaR7L5X4Rh4dNpzjb7M2r/wI11TVOZW6be381tINAAAAAAAAAAAAAAAAAAAAAAAAq3FnDE80xccRls1GtCOlxm2oTje6u1vCSu/FZ87W5W4z3rHHiY5oCpiMdltH8ty6vZbXpNV170ovXb3o5xzHT7+bPVTdp/pz6MdLimpFeLBYt/8ATJfex3kefylCK6+tM/KXlTi7EvbC5bjJPou6l96TSHeR4T8v5TiuurlTLMspzbiBLvqdPB037Tm+8qW66YrZP7T28md4pnolTYrqn4toX3K8vp5Vl8KODVoQVlfd+rfm27tvzZ1tppimMQ2g6AAAAAAAAAAAAAAAAAAAAAAAAAAAAAAAAAAAAAAAAAAAAAAAAAAAAAAAAAAAAAAAAAAAAAAAAAAAAAAAAAAAAAAAAAAAAAAAAAAAAAAAAAAAAAAAAAAAAAAAAAAAAAAAAAAAAAAAAAD/2Q==";VODKA
W. DOBLE BLACK 750ML;230000;;WHISKY
W. BLACK & WHITE 700ml;75000;https://supertiendascomunal.com/8513-large_default/whisky-black-white-700-ml.jpg;WHISKY
W. BLACK & WHITE 375ml;40000;;WHISKY
W. BUCHANANS DLX 750ml;200000;https://api.lalicorera.com/storage/extras/licores/86339721-buchanans-12-anos-dos-unidades.webp;WHISKY
W. BUCHANANS DLX 375ml;122000;;WHISKY
W. BUCHANANS MASTER 750ML;235000;;WHISKY
W. BUCHANANS TWO SOULS;260000;;WHISKY
W. CHIVAS REGAL 12 750ml;178000;;WHISKY
W. CHIVAS REGAL 12 375ml;115000;;WHISKY
W. CHIVAS EXTRA 700ml;215902,5;https://cigarrerialarosa.com/wp-content/uploads/2022/09/20683.png;WHISKY
W. CHIVAS REGAL 18 A�OS 750ml;450000;;WHISKY
W. CHIVAS REGAL 18 A�OS 50ML;42000;;WHISKY
W.CHIVAS REGAL EXTRA 50ML ;19000;;WHISKY
W. CHIVAS EXTRA 13 A�OS 375 ML;115000;;WHISKY
W. GRANT�S 750 ML;76000;https://olimpica.vtexassets.com/arquivos/ids/607703/5010327205182.jpg?v=637626498207570000;WHISKY
W. GRANT�S 50 ML;13000;;WHISKY
W. J. W. BLACK LABEL 750ml;187000;https://newyorkstore.com.co/wp-content/uploads/Whisky-Johnnie-Walker-Black-Label-750-ml.jpg;WHISKY
W. J. W. BLACK LABEL 375ml;105000;;WHISKY
W. J. W. RED LABEL 700ml;90000;;WHISKY
W. J. W. RED LABEL 375ml;60000;;WHISKY
W. JACK DANIEL�S HONEY 700ML;160000;https://licoresjunior.com/wp-content/uploads/2023/12/Mesa-de-trabajo-1-copia-7-5.jpg;WHISKY
W. JACK DANIEL�S OLD No. 7 700ML;160000;;WHISKY
W. JACK DANIEL�S APPLE 700ML;170000;;WHISKY
W. JACK DANIEL�S FIRE  700ML;160000;;WHISKY
W. JACK DANIEL�S OLD No. 7 375 ML;85000;;WHISKY
W. JACK DANIEL�S OLD No. 7- 50 ML;16000;;WHISKY
W. JHON THOMAS 750 ML;58000;;WHISKY
W. JHON THOMAS 375 ML;35000;;WHISKY
W. OLD PARR 12 A�OS 1000ml;230000;;WHISKY
W. OLD PARR 12 A�OS 750 ml;185000;;WHISKY
W. OLD PARR 12 A�OS 500ml;131835;;WHISKY
W. OLD PARR 18 A�OS 750ml;460000;;WHISKY
W. PASSPORT SCOTH 700ml;74000;;WHISKY
W. SOMETHING SPECIAL 750 ml;100000;;WHISKY
W. SOMETHING SPECIAL 375 ml;63000;;WHISKY
W. JACK DANIEL�S HONEY 375 ml;85000;;WHISKY
W. BUCHANANS 18 750ML;520000;;WHISKY
W.  THE GLENLIVET FOUNDERS 700 ML;228000;;WHISKY
W. THE GLENLIVET 15 A�OS 700ML;390000;;WHISKY
W.THE GLENLIVET 12 A�OS 700ML;255000;;WHISKY
W. GLENFIDDICH 12 A�OS 750 ML;275000;;WHISKY
W. GLENFIDDICH 12 A�OS 50 ML;34000;;WHISKY
W. THE MACALLAN 12 A�OS 750 ML;500000;;WHISKY
W. JAMESON 700 ML;165000;;WHISKY
W. JAMESON IRISH 350ML;92000;;WHISKY
W. J. W. BLUE LABEL 750ml;1500000;;WHISKY
W. BALLANTINES 700 ML;90000;;WHISKY
ALK-SELTZER PASTILLA;1500;https://licoresmedellin.com/cdn/shop/files/4_PASTILLAS_ALKA_SELTZER.jpg?v=1716494313;OTROS
PRESERVATIVOS TODAY X 3 UND;19000;https://ortopedicosfuturoco.vtexassets.com/arquivos/ids/159805-150-150?v=638153042542100000&width=150&height=150&aspect=true;OTROS
BONFIEST PLUS SOBRE;5000;https://supermercadolaestacion.com/34033-thickbox_default/bonfiest-plus-sobre.jpg;OTROS
HALLS BARRA 25,2g;2200;;SNACKS
BURBUJA JET;2000;;SNACKS
CHOCOLATINA JUMBO 100g;10000;;SNACKS
JET BLANCA CRUJI;4500;;SNACKS
MONTBLANC 60 GR;10000;;SNACKS
JET CLASICA;2000;;SNACKS
JET COOKIES & CREAN ;6700;;SNACKS
GALLETA GOL 31 GR;2000;;SNACKS
CHOKIS CHOCOLATE ;2000;;SNACKS
CHOKIS CHISPAS CHOCOBASE 47g;2000;;SNACKS
CHOKIS CHISPAS 37 g;2000;;SNACKS
BARRILETE UND;700;;SNACKS
COFFE BLAND UND;300;;SNACKS
QUIPITOS ;1000;;SNACKS
MAMUT BLANCO;800;;SNACKS
NUCITA 14G;1200;https://encrypted-tbn0.gstatic.com/images?q=tbn:ANd9GcSJ4Urwwz4r_-MLsVzZGZmGlusTfath19jOsQ&s;SNACKS
ENCENDEDOR TOKAI;2000;https://gsmokers.com/cdn/shop/products/casa-marcus_encendedor-tokai_generica_51.jpg?v=1674165979;OTROS
ENCENDEDOR YAMA;1500;https://prodcdnmobisoft.oxxodomicilios.com/01JEBWQ9T05AJ6YKAEM5AZX1WJ.jpg;OTROS
CREMA BAILEYS 700 ml;104000;https://dislicoresqa.vtexassets.com/arquivos/ids/354683/002330-BAILEYS-ORIGINAL-700ml.png?v=638266347145030000;CREMAS 
CREMA BAILEYS TIRAMISU 700 ml;118000;https://dislicoresqa.vtexassets.com/arquivos/ids/370000/002419-Crema-De-Whisky-Baileys-Tiramisu.png?v=638709126410670000;CREMAS 
CREMA BAILEYS 375 ml;63000;https://encrypted-tbn0.gstatic.com/images?q=tbn:ANd9GcQ49mZe6Zd7peBpHxw8PtX58UbQh9wnUpTL5g&s;CREMAS 
CREMA BROADWAY 700ml;50000;https://static.wixstatic.com/media/477dc5_c851f959253948f4a11cda880b6b321c~mv2.jpg/v1/fill/w_560,h_560,al_c,q_80,usm_0.66_1.00_0.01,enc_avif,quality_auto/477dc5_c851f959253948f4a11cda880b6b321c~mv2.jpg;CREMAS 
CREMA BLACK JACK 750 ML;47000;https://licoresmedellin.com/cdn/shop/files/CREMA_DE_WHISKY_BLACK_JACK_BOTELLA_750ML.jpg?v=1714663532&width=480;CREMAS 
SABAJON APOLO BRANDY 700ML;42000;https://cdn1.totalcommerce.cloud/mercacentro/product-zoom/es/sabajon-apolo-x-700-ml-brandy-1.webp;CREMAS 
SABAJON APOLO VAINILLA 700ML;42000;https://domain.grupogdc.co/2b72479a41e8e746fba7b2e8c698fb3e/_thumbs/242/239/sabajon-apolo-vainilla-700ml-zoom.jpg;CREMAS 
FOUR LOKO SANDIA;22000;https://exitocol.vtexassets.com/arquivos/ids/27283282/COCTEL-SANDIA-FOUR-LOKO-473-Mililitro-3003287_a.jpg?v=638803414499530000;ESPECIALES 
FOUR LOKO DORADO;22000;https://exitocol.vtexassets.com/arquivos/ids/27283284/COCTEL-GOLD-FOUR-LOKO-473-Mililitro-3003289_a.jpg?v=638803417304370000;ESPECIALES 
FOUR LOKO AZUL;22000;https://exitocol.vtexassets.com/arquivos/ids/27283281/COCTEL-BLUE-FOUR-LOKO-473-Mililitro-3003286_a.jpg?v=638803414488230000;ESPECIALES 
FOUR LOKO ROJO;22000;https://exitocol.vtexassets.com/arquivos/ids/27283283/COCTEL-PONCHE-DE-FRUTAS-FOUR-LOKO-473-Mililitro-3003288_a.jpg?v=638803417294800000;ESPECIALES 
FOUR LOKO GREEN APPLE;22000;https://exitocol.vtexassets.com/arquivos/ids/29576755/Coctel-FOUR-LOKO-Green-Apple-473-ml-3584487_a.jpg?v=638900910228300000;ESPECIALES 
FOUR LOKO LULO;22000;https://exitocol.vtexassets.com/arquivos/ids/29576754/Coctel-FOUR-LOKO-Lulo-473-ml-3584488_a.jpg?v=638900910215470000;ESPECIALES 
SIX AGUILA ORIG LATA. 355 ML;24000;https://licoresmedellin.com/cdn/shop/files/6_PACK_CERVEZA_AGUILA_ORIGINAL_330CC.jpg?v=1715287022&width=1024;CERVEZA 
SIX AGUILA LIGHT  LATA 330 ml;23000;https://licoresmedellin.com/cdn/shop/files/6_PACK_CERVEZA_AGUILA_LIGHT_LATA_330CC.jpg?v=1715690667;CERVEZA 
SIX ANDINA 310 ml;17000;https://megatiendas.vtexassets.com/arquivos/ids/171768/7707430879451.jpg?v=638609916750570000;CERVEZA 
SIX CLUB COL ROJ LATA 355 ml;24000;https://copservir.vtexassets.com/arquivos/ids/1566302/CERVEZA-CLUB-COLOMBIA-ROJA-LAT_F.png?v=638788016989300000;CERVEZA 
SIX CLUB COL. DORA LATA 355 ml;24000;https://encrypted-tbn0.gstatic.com/images?q=tbn:ANd9GcT27fW2yg7qmxXtJRYmGs1keIwB2ktJ-tNEYQ&s;CERVEZA 
SIX CLUB COL. NEGRA 355 ml;24000;https://dislicoresqa.vtexassets.com/arquivos/ids/366238/370303-club-colombia-SIXPACK-330CC.png?v=638484075122500000;CERVEZA 
SIX CORONA 355 ml;34000;https://eurosuper.vtexassets.com/arquivos/ids/173067/7501064191398.png?v=638316182087670000;CERVEZA 
SIX CORONITA 250 ml;25000;https://dislicoresqa.vtexassets.com/arquivos/ids/369794/370049-CORONITA-EXTRA-SIXPACK-210ML-1.png?v=638697017050400000;CERVEZA 
SIX POKER LATA 355 ml;23000;https://encrypted-tbn0.gstatic.com/images?q=tbn:ANd9GcQf-rBiJrLHfBooRtX0HG0t7PImEFkxoYX2Xw&s;CERVEZA 
SIX HEINEKEN 310 ML;22000;https://olimpica.vtexassets.com/arquivos/ids/1485036/heiniken.jpg?v=638617771504270000;CERVEZA 
SIX COSTE�A BACANA 355 ML;20000;https://elsuper.com.co/rails/active_storage/blobs/proxy/eyJfcmFpbHMiOnsiZGF0YSI6MTgxODAwMiwicHVyIjoiYmxvYl9pZCJ9fQ==--c291ce67eb0979d3ee42b766d4c4730e90dbfd12/7702004004925?locale=es;CERVEZA 
SIX STELLA ARTOIS BOT;28000;https://kyva.co/wp-content/uploads/2023/06/Stella-Artois_x6_-800x1000PX_Transparente-300x375.png;CERVEZA 
SIX BUDWEISER LATA 269 ML;19000;https://lacaretalicores.com/cdn/shop/files/514736-800-800.webp?v=1740786371;CERVEZA 
SIX REDD�S LATA 269 ML;26000;https://licoresmedellin.com/cdn/shop/files/6_PACK_CERVEZA_REDDS_LATA_269ML.jpg?v=1715700274&width=1024;CERVEZA 
SIX REDD�S ROSE LATA 269 ML;25000;https://http2.mlstatic.com/D_NQ_NP_920367-MCO85421046281_052025-O.webp;CERVEZA 
